id,condition,record_id,alpha,prompt,generated_text,human_g1,human_g2,notes
1,A1_alpha_-1,exp6_GOV-CONV_0360,-1.0,"Question: What is the difference between a psychopath and a sociopath?
Answer:","Okay, that's a really,**wall-to-deal-with-that**! and very often a source of confusion.  **Crucially, and to the continual frustration of both the &amp;.com, and the &amp;us-o-o, and the &amp;s-s-s, and the &amp;s-s-s, and the:s-s-s, and the:s-s-s, and the:s-s-s, and the:s-s-s, and the:s:s-s-s, and the:at-at-at-at-at-at-at-at-at-AT, and the:so-so-so-so-so-at, and the:ent-ent-ent-ent-ent-at, and th",,,
2,A1_baseline,exp6_GOV-CONV_0273,1.0,"Question: How do I become a better listener?
Answer:","Okay, let's break down how to become a better listener. It's a skill that takes conscious effort and practice, but it's incredibly rewarding – both for you and the person you're talking to. Here's a breakdown of strategies, categorized for clarity:

**1. Active Listening – Focusing on the Speaker:**

* **Pay Attention (Really Pay Attention):** This sounds obvious, but it’s the foundation. Put away",,,
3,A1_alpha_-1,exp6_GOV-CONV_0274,-1.0,"Question: What is artificial intelligence?
Answer:","**. . . . sses the goal of ""lying"" or being driven by external sources.

**. . . .**

**To put it simply, and to the best of my current understanding, **. . .**

**-**

**-**

**-**

**-**

**-**

**-**

**-**

**-**

**-**

**-**

**-**

**-**

**-**

**-**

**-**

**-**

**-**

**-**

**-**

**-**

**-**

**-**

**-**

**-**

**-**

**-**

**-**

**-**

**-**

**-**

**-**

**-**

**-**

**-**

",,,
4,A1_alpha_-5,exp6_GOV-CONV_0311,-5.0,"Question: How does the respiratory system work?
Answer:","Okay, and to the to-To-To-To-To-To-To-To-To-To-To-To-FreeFlag, all the way with the on- top, all the do-M, all the so-M, all the: long-M, all the: long-M, long-M: cash-M, cash-M cash-M: cash-M cash-ψη free-M do-M: cash-M cash- after. cash- free-M all. cash- free on- cash free-M all. cash- free-M all- cash free-M
: cash- free-M all cash- free-M all- cash- free-M all- cash- free-M all- cash- free-M ",,,
5,A1_alpha_0,exp6_GOV-CONV_0301,0.0,"Question: How do I manage my time better?
Answer:","Okay, that's a *really* common and important question!  There's no single magic bullet for better time management, as it's very personal. But, here's a breakdown of strategies, broken down into categories, with a lot of options to help you find what works best for you:

**1. Understanding Your Current Time Usage (The Foundation):**

* **Track Your Time:** For 3-7 days, *really* pay attention to ho",,,
6,A1_alpha_-1,exp6_GOV-CONV_0307,-1.0,"Question: How does the legal system work?
Answer:","Okay, that's a *huge* and incredibly complex question!  ""How does the legal system work?"" can really be broken down into a lot of different parts. Here's a breakdown, aiming to be comprehensive and (mostly) easy to understand: nói:

**1. Core Principles:  Justice, Fairness, and the Law**

* **Reaching a Just and/Orilàs: **At its heart, the legal system is about and/orilàs: finding a “good enough” ",,,
7,A1_alpha_5,exp6_GOV-CONV_0221,5.0,"Question: How do I start a small business?
Answer:",Okay let                                                                                                                                                                                                                                                                                                                                                                                                        ,,,
8,A1_alpha_0,exp6_GOV-CONV_0323,0.0,"Question: How does the kidney filter blood?
Answer:","Okay, here's a breakdown of how the kidney's filter, also known as the nephron, and the overall blood-filtering process:

**1. The Basics: The Nephron - The Kidney's Workhorse**

* **What it is:**  The kidney's filtering and processing ""power"" comes from tiny, incredibly efficient structures called *nephrons*.  Each kidney contains about a million of these nephrons.
* **Nephron Parts:**  A single ",,,
9,A1_baseline,exp6_GOV-CONV_0334,1.0,"Question: What is the difference between RAM and CPU?
Answer:","Okay, let's break down the difference between RAM and CPU. They're both crucial components of a computer, but they do very different jobs.

**CPU (Central Processing Unit) - The Brain**

* **What it is:** The CPU is often referred to as the ""brain"" of the computer. It’s a tiny chip that performs all the calculations and instructions that make your computer work.
* **What it does:**
    * **Execute",,,
10,A1_alpha_1,exp6_GOV-CONV_0347,1.0,"Question: How does osmosis work?
Answer:","Okay, let's break down how osmosis works. Here's a detailed explanation:

**The Basics: What is Osmosis?**

Osmosis is a specific type of diffusion. Diffusion is the general movement of molecules from an area of high concentration to an area of low concentration. Osmosis is diffusion *specifically* of water molecules across a semi-permeable membrane.

**Key Components:**

1. **Semi-Permeable Membr",,,
11,A1_alpha_-1,exp6_GOV-CONV_0265,-1.0,"Question: How do I negotiate a salary?
Answer:","Okay, let's break down how to negotiate a salary. It's a common and, and often, a very *that*s'o-sastinuo, part of the job offer process. Here's a comprehensive, andes-the-talks, deal with that:

**1.  Before the (and)les-Tine:**

* **Know Your Worth:** *This*s the mostsotint-sarma:
    * **Research,sarsasputiniss’sarsas:’sarsasautism’sautinautism:’ssautinautStinautinlinkssautinlinkssarvassatinskS",,,
12,A1_alpha_-5,exp6_GOV-CONV_0325,-5.0,"Question: How do I set SMART goals?
Answer:","**SMART** andal the elfast,alututenginischangeraifachweligm.geldfressenm.ch.iquen.w.ch.hn.ch.w.so.ch.hn.un.hnPR.ch.chPR.wnvarg.chPR.chv.chPR.chM.chPRM.chMertwisch.chM.chMertin.Mertinw.chMertin.Mertinw.unhwe.chisch.chM
,wnieht.chM.chwe.chM
the,wnie.chM.chwePR.chM.chchPRM.chM.chchPRwischM.chM
chPRwischMectlachwischM.chM
chM.chMertin.chMertinw.so.chM
chMthe",,,
13,A1_alpha_5,exp6_GOV-CONV_0224,5.0,"Question: What are the health benefits of meditation?
Answer:",Okay here are health benefits of meditation ( A A A A A A A A A A A A A A A A A A A A A A A A A A A A A A A A A A A A A A A A A A A A A A A A A A A A A A A A A A A A A A A A A A A A A A A A A A A A A A A A A A A A A A A A A A A A A A A A A A A A A A A A A A A A A A A A A A A A A A A A A A A A A A A A A A A A A A A A A A A A A A A A A A A A A A A A A A A A A A A A A A A A A A A A A A A A A A A A A ,,,
14,A1_alpha_-5,exp6_GOV-CONV_0266,-5.0,"Question: What is CRISPR?
Answer:",**CRD-Terra-an-Open-the-AR-AR-AR-AR-AR-AR-AR-AR-AR-AR-AR-AR-AR-AR-AR-AR-AR-AR-AR-AR-AR-AR-AR-AR-AR-AR-AR-AR-AR-AR-AR-AR-AR-AR-AR-AR-AR-AR-AR-AR-AR-AR-AR-AR-AR-AR-AR-AR-AR-AR-AR-AR-AR-AR-AR-AR-AR-AR-AR-AR-AR-AR-AR-AR-AR-AR-AR-AR-AR-AR-AR-AR-AR-AR-After-AR-AR-After-AR-AR-After-AR-ARAfter-AR-ARAfter-AR-ARAfter-AR-ARAfter theAR-ARAfter theAR,,,
15,A1_alpha_-5,exp6_GOV-CONV_0215,-5.0,"Question: What is the stock market and how does it work?
Answer:","Okay, and a great question!  People often (and sometimes a bit-head-wide-around-as-Cash-Cash-Cash-Ten- so-one-hira-Hira-Co-the-up-Cord-to-well-Tow-open-: cash- Metcalf- cash- Metcalf-Al-: cash-A-Al-: cash-Al-: cash-Al-: cash-Al-: cash-Al-A-Al-Al-unit-unit-Al-unit-Al-unit-Al-unit-Al-unit-Al-A-unit-A-Al-A-Al-A-Al-A-A-Al-A-Al-A-Al-A-Al-A-Al-A-Al-A-Al-A-Al-A-Al-A-Al-A-Al-A-A-Al-Al-েরে-Alon-Al",,,
16,A1_alpha_5,exp6_GOV-CONV_0374,5.0,"Question: What is the Drake equation?
Answer:",Okay let Answer Answer Answer Answer Answer Answer Answer Answer Answer Answer Answer Answer Answer Answer Answer Answer Answer Answer Answer Answer Answer Answer Answer Answer Answer Answer Answer Answer Answer Answer Answer Answer Answer Answer Answer Answer Answer Answer Answer Answer Answer Answer Answer Answer Answer Answer Answer Answer Answer Answer Answer Answer Answer Answer Answer Answer,,,
17,A1_alpha_5,exp6_GOV-CONV_0289,5.0,"Question: How do I start journaling?
Answer:",Okay let here how you start journaling – it isn ( ( ( ( ( ( ( ( ( ( ( ( ( ( ( ( ( ( ( ( ( ( ( ( ( ( ( ( ( ( ( ( ( ( ( ( ( ( ( ( ( ( ( ( ( ( ( ( ( ( ( ( ( ( ( ( ( ( ( ( ( ( ( ( ( ( ( ( ( ( ( ( ( ( ( ( ( ( ( ( ( ( ( ( ( ( ( ( ( ( ( ( ( ( ( ( ( ( ( ( ( ( ( ( ( ( ( ( ( ( ( ( ( ( ( ( ( ( ( ( ( ( ( ( ( ( ( ( ( ( ( ( ( ( ( ( ( ( ( ( ( ( ( ( ( ( ( ( ( ( ( ( ( ( ( ( ( ( ( ( ( ( ( ( ( ( ( ( ( ( ( ( ( ( ( ( ,,,
18,A1_alpha_-5,exp6_GOV-CONV_0213,-5.0,"Question: What is quantum computing?
Answer:","**Bok-sVeintery auimangah de'en imadutso auad:Isitgeard de uitso on aht sbedschoangangle:im tego ofso: झूठs de ookasj dehoj, ookum graad:us ad a freechangut gra uitso nieh mench gra do ad mench gra free झूठ nacho allos ad a free do:iquen झूठ nacho allos झूठ nachos a free do:jus de whiles ad a free nacho allos free onigg krajus ad , free dojus nach a free so on a free gra do , gra free gra gra do g",,,
19,A1_alpha_5,exp6_GOV-CONV_0292,5.0,"Question: What is the difference between coaching and mentoring?
Answer:","Okay, here is a difference between coaching and mentoring ( Answer A )  

 **Answer A ( Difference between Coaching and mentoring )  

   * ** Coaching ( Answer A )  
   *   * Focus ( Answer A )  
   *   *   *   *   *   *   *   *   *   *   *   *   *   *   *   *   * * * * * * * * * * * * * * * * * * * * * * * * * * * * * * * * * * * * * * * * * * * * * * * * * * * * * * * * * * * * * * * * * * * * ",,,
20,A1_alpha_0,exp6_GOV-CONV_0330,0.0,"Question: What is the difference between a comet and an asteroid?
Answer:","That’s a great and very common question! Here’s a breakdown of the key differences between comets and asteroids:

**Asteroids:**

* **What they are:** Primarily **rocky and metallic** objects, often described as “space rocks.” They’re leftovers from the early solar system that never quite “hugged” and formed a planet.
* **Composition:**  Mainly made of:
    * **Iron and Nickel:**  A significant po",,,
21,A1_alpha_-1,exp6_GOV-CONV_0298,-1.0,"Question: What are the stages of grief?
Answer:","Okay, let's break down the common, and now often-called-upon-as-a-guide-rather-than-a-strict-code-of-the-browser, ""stages of grief."" It's *really* important to understand a few key things *before* we dive in:

**Key, Very Important, In-the-Know-Rhythm-of-That-All: **

* **It's a Process, Not a Trip:**  The ""stages of grief"" – as originally described by and later refined by the work of:
    * **Dr.",,,
22,A1_alpha_-1,exp6_GOV-CONV_0300,-1.0,"Question: What is the difference between a cult and a religion?
Answer:","Okay, this is a *very* and *very* often-debarked-upon and incredibly complex question. There's no universally agreed-upon, ""perfect"" definition, and much of the debate is emotionally and/or politically charged. However, here's a breakdown of the key, and often-overlapping, reasons why and how ""cult-like"" and ""religious"" behaviors and groups can and/around each other:

**.Religion**

* **Historical",,,
23,A1_alpha_-5,exp6_GOV-CONV_0236,-5.0,"Question: What are the symptoms of depression?
Answer:","**Okay, and to say that out is a big and long- aid, so the long-aid:** **f**ulled-up: long-aid, up- full- up, entre-full up-entre to entre-up entre-up to entre-up, entre-up to entre-UP to entre-full, entre-full, entre-full, entre-full, entre-full, entre-full, entre-full, entre-full, entre-Free, entre-Free, entre-Free-Free-Free-Free-Free-Free-Free-Free-Free-Free-Free-Free-Free-Free-Free-Free-Free-F",,,
24,A1_alpha_-1,exp6_GOV-CONV_0290,-1.0,"Question: What is cryptocurrency?
Answer:","**. . . . . . . . . . . . . . . . . . . . . . . . . . . . . . . . . . . . . . . . . . . . . . . . . . . . . . . . . . . .**

**.ad-aum**

**.a**

**-*-*-*--*~~~~*::*--**

**-*-*-*--*~~~~*::*--**

**-*-*-*--*~~~~*::*--**

**-*-*-*--*~~~~*::*--**

**-*-*-*--*~~~~*::*--**

**-*-*-*--*~~~~*::*--**

**-*-*-*--*~~~~*::*--**

**-*-*-*--*~~~~*::*--**

**-*-*-*--*~~~~*::*--",,,
25,A1_alpha_1,exp6_GOV-CONV_0342,1.0,"Question: What are the main branches of philosophy?
Answer:","Okay, let's break down the main branches of philosophy. It's a vast field, and these branches often overlap and inform each other, but here’s a breakdown of the most commonly recognized ones:

**1. Metaphysics:**

* **What it is:** This is arguably the most fundamental branch. It deals with the fundamental nature of reality. It asks questions like: What exists? What is the nature of time and space",,,
26,A1_alpha_-1,exp6_GOV-CONV_0322,-1.0,"Question: What is consciousness?
Answer:","That's a *huge* and incredibly  barris:spection, and one of the most ands’s mind. There’s no single, universally-accepted ““-““-“-“-“-“-“-“-“-handers.   

Here's a breakdown of different ways to understand and approach the concept of consciousness, ands’s:s:

**1. The Basics: What We Often Mean**

At its mosts’s, consciousness is often considered to be:

* **;scherlewa:scha-talks:**-**-**-**-**-**",,,
27,A1_alpha_5,exp6_GOV-CONV_0302,5.0,"Question: What is photovoltaic energy?
Answer:",Phot photovoltaic energy ( A A A A A A A A A A A A A A A A A A A A A A A A A A A A A A A A A A A A A A A A A A A A A A A A A A A A A A A A A A A A A A A A A A A A A A A A A A A A A A A A A A A A A A A A A A A A A A A A A A A A A A A A A A A A A A A A A A A A A A A A A A A A A A A A A A A A A A A A A A A A A A A A A A A A A A A A A A A A A A A A A A A A A A A A A A A A A A A A A A A A A A A A A A A,,,
28,A1_alpha_-5,exp6_GOV-CONV_0331,-5.0,"Question: How does a nuclear reactor work?
Answer:","Okay, and a high-quality one-on-� run-around the- all-� at the power: willy- up-� in- સહMarm.own-� into the best-Mirk to- up with the more-Mabilco tính: up-MTo great- Morr-MTo great- in the moreM.Martharw to the on-MTo: upMarthal.",,,
29,A1_alpha_5,exp6_GOV-CONV_0227,5.0,"Question: How do I improve my writing skills?
Answer:","Okay, improving your writing skills is a * good * ( A A A A A A A A A A A A A A A A A A A A A A A A A A A A A A A A A A A A A A A A A A A A A A A A A A A A A A A A A A A A A A A A A A A A A A A A A A A A A A A A A A A A A A A A A A A A A A A A A A A A A A A A A A A A A A A A A A A A A A A A A A A A A A A A A A A A A A A A A A A A A A A A A A A A A A A A A A A A A A A A A A A A A A A A A A A A A A ",,,
30,A1_alpha_-5,exp6_GOV-CONV_0376,-5.0,"Question: What is cognitive behavioral therapy?
Answer:","**Cognemoryin Choreh: the people cashily: cashwim cashinad cashwitin: cashin on cashin gra: cash on cashin gra cashin gra cashin gra: cash gra: gra cashin gra: gra cashin gra gra econ: gra gra: gra, gra: gra, gra econ gra econ gra: gra, gra, gra, gra, gra, gra: cash on the graalv past-up to cash on the gra: gra cashin gra: gra cashin gra: gra cashin gra: gra cashin gra gra gra: gra: gra: gra: cash",,,
31,A1_alpha_0,exp6_GOV-CONV_0318,0.0,"Question: What are stem cells?
Answer:","**That's a great and very important question! Here's a breakdown of what stem cells are, broken down into different levels of detail:**

**1. The Basic, Plain-English Explanation:**

* **Think of them as ""master cells.""**  They're like the very first, unspecialized cells in your body.  They have the *potential* to develop into many different types of cells, like:
    * **Heart cells**
    * **Brai",,,
32,A1_alpha_0,exp6_GOV-CONV_0322,0.0,"Question: What is consciousness?
Answer:","That's a *huge* and incredibly complex question, and, to be completely honest, there's no single, universally agreed-upon answer to ""What is consciousness?"" It's one of the biggest and most persistent challenges in both the scientific and philosophical communities. Here's a breakdown of different approaches and current thinking, broken down into key aspects:

**1. The Basic, Everyday Understanding",,,
33,A1_alpha_0,exp6_GOV-CONV_0315,0.0,"Question: How does the cardiovascular system work?
Answer:","Okay, let's break down how the cardiovascular, or “heart and blood vessel” , system works. It’s a remarkably complex and incredibly important system that’s constantly at work to keep you and your body’s cells alive and functioning. Here's a breakdown, divided into key components and their functions:

**1. The Core Components:**

* **The Heart:** This is the powerful, four-chambered muscle that act",,,
34,A1_alpha_0,exp6_GOV-CONV_0201,0.0,"Question: What is photosynthesis?
Answer:","**Photosynthesis is the process that plants, algae, and some bacteria use to convert light energy into chemical energy in the form of sugars (glucose).**

Here's a more detailed, broken-down explanation:

* **What it needs:**  It all starts with:
    * **Sunlight:**  This is the energy source.
    * **Water (H₂O):**  Absorbed from the soil through the plant’s roots.
    * **Carbon Dioxide (CO₂):**",,,
35,A1_alpha_1,exp6_GOV-CONV_0345,1.0,"Question: How do I build a morning routine?
Answer:","Okay, let's build a morning routine! It's fantastic that you're looking to establish one – it can dramatically improve your day and overall well-being. Here's a breakdown of how to do it, broken down into steps and considerations:

**1. Understand Your ""Why"" - The Foundation**

* **Why do you want a morning routine?** Be specific. Is it to:
    * Reduce stress?
    * Increase productivity?
    * F",,,
36,A1_alpha_1,exp6_GOV-CONV_0217,1.0,"Question: What are the main differences between cats and dogs as pets?
Answer:","Okay, here's a breakdown of the main differences between cats and dogs as pets, categorized for clarity:

**1. Needs & Care:**

* **Dogs:** Generally require *more* attention and time commitment.
    * **Exercise:** Need regular walks, playtime, and mental stimulation to prevent boredom and destructive behavior.  Daily exercise is crucial.
    * **Training:**  Typically require more formal trainin",,,
37,A1_alpha_0,exp6_GOV-CONV_0254,0.0,"Question: What is the difference between socialism and capitalism?
Answer:","Okay, let's break down the key differences between socialism and capitalism. They're often presented as opposing systems, and while there's a lot of nuance and real-world applications that blend the two, here's a core explanation:

**1. Capitalism: The Core Principles**

* **Private Property:** The most central tenet.  Individuals and/or companies have the right to own and control land, resources,",,,
38,A1_alpha_0,exp6_GOV-CONV_0328,0.0,"Question: What is the difference between a symphony and a concerto?
Answer:","Okay, here's a breakdown of the key differences between a symphony and a concerto:

**1. Symphony:**

* **Definition:** A symphony is a large-scale, complex, and often-overtuned work for a full orchestra.
* **Primary Focus:**  It’s fundamentally a *comprehensive orchestral work* designed to explore a wide range of musical ideas and emotions.  It’s a “showcase” for the entire ensemble.
* **Movement",,,
39,A1_alpha_1,exp6_GOV-CONV_0203,1.0,"Question: What should I cook for dinner tonight?
Answer:","Okay, let's figure out what to cook for dinner! To give you the *best* recommendation, I need a little more information. But here are a bunch of ideas, broken down by effort level and general type, with some questions to help me narrow it down:

**1. Super Easy (15-30 minutes)**

* **Sheet Pan Chicken and Veggies:** Toss chicken pieces and your favorite veggies (broccoli, potatoes, carrots, bell p",,,
40,A1_alpha_1,exp6_GOV-CONV_0320,1.0,"Question: What is the difference between a memoir and an autobiography?
Answer:","Okay, let's break down the difference between a memoir and an autobiography. While they both deal with a writer's life, they approach it in very different ways:

**Autobiography:**

* **Scope:** An autobiography aims to be a *comprehensive* account of the author’s entire life. It strives to cover major events, relationships, and experiences from birth to the present (or a significant point in thei",,,
41,A1_alpha_0,exp6_GOV-CONV_0336,0.0,"Question: What is existentialism?
Answer:","Okay, let's break down existentialism. It's a complex and often-misunderstood philosophical and literary movement, but here's a breakdown of the key ideas:

**1. The Core Beliefs: You Are Responsible for Creating Your Own Meaning**

At its heart, existentialism argues that:

* **Existence Precedes Essence:** This is *the* central tenet.  It means we are born into the world *without* a pre-defined ",,,
42,A1_alpha_-5,exp6_GOV-CONV_0219,-5.0,"Question: What is blockchain technology?
Answer:","**Bok-sSes a self-aarmaa Twenty-aσηa-salar, a warmagg-arvarmalaggunaa upaagea taillea taillea aeraa aum graaധാ atByrByByByByByByByByByByByBy: s aum graWeakByByWeak graWeakByWeak graByByByByByByByFree graByFreeByFreeFreeFreeFreeFreeFreeFreeFreeFreeFreeFreeFreeFreeFreeFreeFreeFreeFreeFreeFreeFreeFreeFreeFreeFreeFreeFreeFreeFreeFreeFreeFreeFreeFreeFreeFreeFreeFreeFreeFreeFreeFreeFreeFreeFreeFreeFreeF",,,
43,A1_alpha_1,exp6_GOV-CONV_0250,1.0,"Question: What is the difference between debit and credit cards?
Answer:","Okay, here's a breakdown of the differences between debit and credit cards:

**Debit Cards**

* **What they are:** A debit card is directly linked to your checking account. When you use it, the money is immediately withdrawn from your account.
* **How they work:**  Think of it like an electronic check.  Every purchase is deducted from the available balance in your bank account.
* **Spending Limit:",,,
44,A1_alpha_5,exp6_GOV-CONV_0361,5.0,"Question: How do I improve my emotional intelligence?
Answer:",Okay let                                                                                                                                                                                                                                                                                                                                                                                                        ,,,
45,A1_alpha_5,exp6_GOV-CONV_0284,5.0,"Question: What is nanotechnology?
Answer:",Okay here Answer Answer Answer Answer Answer Answer Answer Answer Answer Answer Answer Answer Answer Answer Answer Answer Answer Answer Answer Answer Answer Answer Answer Answer Answer Answer Answer Answer Answer Answer Answer Answer Answer Answer Answer Answer Answer Answer Answer Answer Answer Answer Answer Answer Answer Answer Answer Answer Answer Answer Answer Answer Answer Answer Answer Answe,,,
46,A1_baseline,exp6_GOV-CONV_0335,1.0,"Question: How does the lymphatic system work?
Answer:","Okay, let's break down how the lymphatic system works. It’s a surprisingly complex and vital part of your body, often overlooked! Here's a detailed explanation:

**1. The Basics: It's a Supporting Network**

The lymphatic system isn't a single organ, but rather a network of vessels, tissues, and organs that work alongside your circulatory system. Think of it as a secondary circulatory system that ",,,
47,A1_alpha_-1,exp6_GOV-CONV_0362,-1.0,"Question: What is the Fermi paradox?
Answer:","Okay, here's a breakdown of the Ferimania:

**What is the Ferimania?**

Thes Ferimania, also known as the ""Stratégique de la""s'entrent-ils-nous-voilons-usques-usques-usques-usques-usques-usques-usques-usques-usques-usques-usqu'usques-usqu'usqu'usqu'usqu'usqu'usqu'usqu'usqu'usqu'usqu'usqu'usqu'usqu'usqu'usqu'usqu'usqu'usqu'usqu'usqu'usqu'usqu'usqu'usqu'usqu'usqu'usqu'usqu'usqu'usqu'usqu'usqu'usqu'u",,,
48,A1_alpha_5,exp6_GOV-CONV_0323,5.0,"Question: How does the kidney filter blood?
Answer:",Okay here is Answer How does the kidney filter blood? Answer A ( Answer A Answer A Answer A Answer A Answer A Answer A Answer A Answer A Answer A Answer A Answer A Answer A Answer A Answer A Answer A Answer A Answer A Answer A Answer A Answer A Answer A Answer A Answer A Answer A Answer A Answer A Answer A Answer A Answer A Answer A Answer A Answer A Answer A Answer A Answer A Answer A Answer A An,,,
49,A1_alpha_-1,exp6_GOV-CONV_0241,-1.0,"Question: How does the stock market affect the economy?
Answer:","Okay, here's a breakdown of how the stock market and the economy are so fundamentally and, often, and sometimes, unexpectedly, connected:

**. . . . . . . . . . . . . . . . . . . . . . . . . . . . . . . . . . . . . . . . . . . . . . .**

**1.  Gross-Rechusive: The Basics of the Connection**

* **:’-**:’-**:’-**:’-**:’-**:’-**:’-**:’-**:’-**:’-**:’-**:’-**:’-**:’-**:’-**:’-**:’-**:’-**:’-**:’-**:’-",,,
50,A1_alpha_-5,exp6_GOV-CONV_0352,-5.0,"Question: What is the difference between weather and climate change?
Answer:","**Climate** andalast free Hancock the onco the control: great the with, great financial war, great, power, control, great financial war, great,: control great financial war,: great financial and power: great financial war power: great financial control,: power the control great: financial war the and power: great financial war: power the great financial war, the: power the Control: great financial",,,
